{
  "Bhujasana": {
    "left_elbow": {
      "mean": 145.2959789152435,
      "var": 79.27718846520976
    },
    "right_elbow": {
      "mean": 146.30530525426119,
      "var": 536.2534243249992
    },
    "left_shoulder": {
      "mean": 28.760517190009676,
      "var": 345.09733456843634
    },
    "right_shoulder": {
      "mean": 33.56842726771691,
      "var": 121.41839038649562
    },
    "left_knee": {
      "mean": 151.6359476320166,
      "var": 6.304385067532853
    },
    "right_knee": {
      "mean": 160.82676977232651,
      "var": 34.78748188530829
    },
    "left_hip": {
      "mean": 113.71978544296547,
      "var": 9.679647442197442
    },
    "right_hip": {
      "mean": 113.6677417379989,
      "var": 28.63729753250263
    },
    "spine_inclination": {
      "mean": 24.862855827683273,
      "var": 32.06084214011651
    },
    "hip_alignment": {
      "mean": 0.038422087828318276,
      "var": 9.770194021601558e-05
    },
    "ankle_alignment": {
      "mean": 0.043305436770121254,
      "var": 0.0008382172616079073
    }
  },
  "Padamasana": {
    "left_elbow": {
      "mean": 144.19136050160301,
      "var": 53.41640380835775
    },
    "right_elbow": {
      "mean": 142.59059532597502,
      "var": 103.46994749616917
    },
    "left_shoulder": {
      "mean": 34.36079333568334,
      "var": 300.33466079367986
    },
    "right_shoulder": {
      "mean": 35.03658680849524,
      "var": 419.05126354989795
    },
    "left_knee": {
      "mean": 23.415683722195478,
      "var": 48.50199630277814
    },
    "right_knee": {
      "mean": 22.513198547153287,
      "var": 75.55617515509373
    },
    "left_hip": {
      "mean": 82.4918005587617,
      "var": 365.2939582272832
    },
    "right_hip": {
      "mean": 83.61778937578246,
      "var": 422.74838323418646
    },
    "spine_inclination": {
      "mean": 20.355700075015072,
      "var": 260.0167195190227
    },
    "hip_alignment": {
      "mean": 0.0052353739738464355,
      "var": 3.5851488958016375e-05
    },
    "ankle_alignment": {
      "mean": 0.013136610388755798,
      "var": 3.493733498305396e-05
    }
  },
  "Tadasana": {
    "left_elbow": {
      "mean": 155.56649937286258,
      "var": 157.97888764825993
    },
    "right_elbow": {
      "mean": 156.48179723644674,
      "var": 103.36387696120407
    },
    "left_shoulder": {
      "mean": 161.89706559726133,
      "var": 119.9333204452593
    },
    "right_shoulder": {
      "mean": 160.19942710271462,
      "var": 148.48424230511782
    },
    "left_knee": {
      "mean": 131.9301193436465,
      "var": 90.25405177641157
    },
    "right_knee": {
      "mean": 137.02429256085097,
      "var": 58.52354305088665
    },
    "left_hip": {
      "mean": 165.19289434518376,
      "var": 211.47780114321964
    },
    "right_hip": {
      "mean": 154.73131786070516,
      "var": 74.52468135063941
    },
    "spine_inclination": {
      "mean": 30.18573091485381,
      "var": 445.1016450100295
    },
    "hip_alignment": {
      "mean": 0.003367344538370768,
      "var": 1.5510883039206017e-06
    },
    "ankle_alignment": {
      "mean": 0.0028208295504252114,
      "var": 2.8654747370953578e-06
    }
  },
  "Trikasana_left": {
    "left_elbow": {
      "mean": 161.77604587856644,
      "var": 30.05776971626556
    },
    "right_elbow": {
      "mean": 155.8721127812981,
      "var": 23.585280920509856
    },
    "left_shoulder": {
      "mean": 117.1865887271636,
      "var": 69.78716365732927
    },
    "right_shoulder": {
      "mean": 115.77304443879773,
      "var": 15.787912218550579
    },
    "left_knee": {
      "mean": 118.78906881826978,
      "var": 80.920413485571
    },
    "right_knee": {
      "mean": 151.94965600047942,
      "var": 54.382596872139416
    },
    "left_hip": {
      "mean": 135.83127476641522,
      "var": 273.8696518817189
    },
    "right_hip": {
      "mean": 79.810523546246,
      "var": 12.062019215770572
    },
    "spine_inclination": {
      "mean": 79.90821860873305,
      "var": 16.921363378120994
    },
    "hip_alignment": {
      "mean": 0.05018128156661987,
      "var": 0.00012435085324916882
    },
    "ankle_alignment": {
      "mean": 0.012641751766204834,
      "var": 8.221589683557795e-05
    }
  },
  "Trikasana_right": {
    "left_elbow": {
      "mean": 134.1220895232553,
      "var": 37.79399075935277
    },
    "right_elbow": {
      "mean": 147.979150407242,
      "var": 112.64512841815842
    },
    "left_shoulder": {
      "mean": 92.16362928834349,
      "var": 157.06904586047912
    },
    "right_shoulder": {
      "mean": 126.31041970713363,
      "var": 197.76942876200013
    },
    "left_knee": {
      "mean": 162.04586186430393,
      "var": 50.23776487766963
    },
    "right_knee": {
      "mean": 136.54787673551488,
      "var": 48.75657572393861
    },
    "left_hip": {
      "mean": 89.95337894823288,
      "var": 54.77375169876209
    },
    "right_hip": {
      "mean": 139.5651980413698,
      "var": 117.05650720402946
    },
    "spine_inclination": {
      "mean": 72.38586232053707,
      "var": 176.58882108602614
    },
    "hip_alignment": {
      "mean": 0.05069057941436768,
      "var": 2.1881946934456665e-05
    },
    "ankle_alignment": {
      "mean": 0.014647471904754638,
      "var": 8.750672789176406e-05
    }
  },
  "Vrikshasana_right": {
    "left_elbow": {
      "mean": 133.55415774644317,
      "var": 353.5730695795104
    },
    "right_elbow": {
      "mean": 134.85952650932992,
      "var": 521.8549342127419
    },
    "left_shoulder": {
      "mean": 102.4960128420339,
      "var": 3457.3904449269194
    },
    "right_shoulder": {
      "mean": 111.6589417937417,
      "var": 4408.501532744781
    },
    "left_knee": {
      "mean": 129.3039888857339,
      "var": 256.6122708766122
    },
    "right_knee": {
      "mean": 27.109302521726576,
      "var": 0.40856648859470523
    },
    "left_hip": {
      "mean": 170.20493750801154,
      "var": 1.0531655337932344
    },
    "right_hip": {
      "mean": 99.11900360446612,
      "var": 55.94983209541054
    },
    "spine_inclination": {
      "mean": 12.884161217293883,
      "var": 101.28257591926817
    },
    "hip_alignment": {
      "mean": 0.010757893323898315,
      "var": 7.313842886880195e-06
    },
    "ankle_alignment": {
      "mean": 0.24509885907173157,
      "var": 0.0005802142881785599
    }
  },
  "Vrikshasana_left": {
    "left_elbow": {
      "mean": 102.75736394535792,
      "var": 25.972925966905812
    },
    "right_elbow": {
      "mean": 88.18990133467918,
      "var": 77.6195116225177
    },
    "left_shoulder": {
      "mean": 32.78053303750191,
      "var": 9.293257185653125
    },
    "right_shoulder": {
      "mean": 29.39838624080563,
      "var": 48.090671468015756
    },
    "left_knee": {
      "mean": 33.700062750256265,
      "var": 25.95504945260071
    },
    "right_knee": {
      "mean": 125.85559003918844,
      "var": 0.03887993545284035
    },
    "left_hip": {
      "mean": 121.7994956451706,
      "var": 74.55329212888282
    },
    "right_hip": {
      "mean": 176.38773895576827,
      "var": 3.8212028726672607
    },
    "spine_inclination": {
      "mean": 6.4571279065228095,
      "var": 0.311689083329011
    },
    "hip_alignment": {
      "mean": 0.015183404088020325,
      "var": 2.7665087201089733e-06
    },
    "ankle_alignment": {
      "mean": 0.3096265196800232,
      "var": 0.00027686802981463643
    }
  }
}